,LAT,LON,1)All Sky Surface Shortwave Downward Irradiance,2)Clear Sky Surface Shortwave Downward Irradiance,3) All Sky Surface Albedo,4)Cloud Amount,5)Temperature at 2 Meters,6)DewFrost Point at 2 Meters,7)Precipitation Corrected Sum
CENTRAL ZONE,20.5,76.5,5.08,6.09,0.12,48.72,25.63,14.32,1122.64
,20.5,77.5,5.02,6.07,0.12,51.2,26.16,14.75,1347.86
,20.5,78.5,4.95,6.04,0.12,52.62,26.62,15.56,1580.24
,20.5,79.5,4.92,6.03,0.12,51.12,26.72,15.95,1790.41
,20.5,80.5,4.93,6.1,0.13,52.16,25.62,16.4,1643.39
,20.5,81.5,5.01,6.11,0.13,50.63,25.06,16.6,1551.42
,20.5,82.5,4.93,6.07,0.13,52,25.07,16.37,1447.05
,20.5,83.5,4.85,5.98,0.12,51.39,25.8,16.73,1248.92
,21.5,76.5,5.1,6.1,0.12,44.98,25.82,14.45,1565.54
,21.5,77.5,4.98,6.13,0.12,46.51,25.1,13.23,1465.98
,21.5,78.5,4.96,6.12,0.12,49.04,25.75,13.94,1561.06
,21.5,79.5,4.94,6.09,0.13,50.62,26.13,14.52,1622.55
,21.5,80.5,4.92,6.06,0.13,49.81,25.49,14.65,1480.28
,21.5,81.5,4.97,6.04,0.13,51.49,25.67,15.42,1434.23
,21.5,82.5,4.97,6,0.13,50.41,25.5,16.33,1434.9
,21.5,83.5,4.94,5.99,0.12,49.86,26.18,16.79,1291.44
,22.5,76.5,5.08,6.06,0.12,42.59,25.79,13.84,1612.84
,22.5,77.5,5.06,6.06,0.13,44.75,25.91,13.29,1944.97
,22.5,78.5,5.03,6.09,0.12,44.32,24.28,12.41,1831.58
,22.5,79.5,4.99,6.1,0.12,48.28,24.44,12.77,1594.94
,22.5,80.5,4.95,6.06,0.12,49.03,24.37,13.09,1530.17
,22.5,81.5,4.89,6.07,0.13,50.28,23.96,13.21,1465.18
,22.5,82.5,4.9,6.01,0.13,51.1,25,14.84,1463.9
,22.5,83.5,4.88,5.96,0.13,50.13,24.53,14.61,1233.62
,23.5,76.5,5.1,6.07,0.13,44.81,25.41,12.63,1088.43
,23.5,77.5,5.09,6.08,0.13,44.31,24.97,13.17,1718.43
,23.5,78.5,5.03,6.04,0.13,46.32,24.79,12.87,1613.06
,23.5,79.5,5.07,6.03,0.14,45.22,25.13,12.98,1418.52
,23.5,80.5,5.05,6,0.13,46.62,24.79,12.79,1253.6
,23.5,81.5,5.04,6.01,0.14,46.77,24.8,13.05,1211.75
,23.5,82.5,4.89,5.96,0.13,50.11,23.76,12.67,1213.69
,23.5,83.5,4.82,5.86,0.14,50.65,23.43,12.74,1008.23
,24.5,76.5,5.16,6.01,0.14,42.5,25.97,12.94,951.31
,24.5,77.5,5.13,6.03,0.13,43.81,24.8,12.55,1329.68
,24.5,78.5,5.11,5.99,0.14,43.66,25.23,13.08,1313.64
,24.5,79.5,5.11,5.98,0.15,43.82,25.23,13.19,1226.21
,24.5,80.5,5.03,5.94,0.14,44.45,25.24,13.02,1046.17
,24.5,81.5,5.05,5.93,0.15,46.99,25.45,12.95,981.12
,24.5,82.5,5.03,5.88,0.14,46.39,25.54,13.06,961.23
,24.5,83.5,4.9,5.78,0.13,47.53,25.9,13.51,714.6
,25.5,76.5,5.19,5.98,0.15,44.09,26.19,12.98,1093.33
,25.5,77.5,5.17,5.99,0.14,42.04,25.36,12.19,975.68
,25.5,78.5,4.95,5.75,0.15,43.83,26.11,13.14,983.01
,25.5,79.5,4.91,5.73,0.15,45.29,26.07,13.63,995.93
,25.5,80.5,4.79,5.53,0.14,43.78,26.31,13.71,916.89
,25.5,81.5,4.84,5.54,0.15,44.38,26.34,13.51,882.04
,25.5,82.5,4.71,5.45,0.14,46.65,26.25,13.91,876.37
,25.5,83.5,4.67,5.46,0.13,47.48,26.39,14.55,731.51
,26.5,76.5,5.15,5.95,0.16,54.04,25.82,12.39,884.06
,26.5,77.5,5.1,5.92,0.16,49.76,26.27,12.52,844.05
,26.5,78.5,4.86,5.68,0.15,46.67,26.23,12.98,881.83
,26.5,79.5,4.89,5.68,0.16,44.36,26.04,13.42,950.33
,26.5,80.5,4.74,5.49,0.15,44.92,25.72,14,1022.08
,26.5,81.5,4.76,5.5,0.15,46.12,25.6,14.29,984.67
,26.5,82.5,4.65,5.4,0.15,46.85,25.51,14.97,974.86
,26.5,83.5,4.57,5.42,0.13,49.13,25.46,15.86,979.8
,27.5,76.5,4.82,5.58,0.15,50.73,25.31,11.25,721.97
,27.5,77.5,4.77,5.56,0.15,50.63,26.1,12.66,755.29
,27.5,78.5,4.68,5.44,0.15,46.41,25.85,13.04,775.38
,27.5,79.5,4.67,5.44,0.15,45.98,25.78,13.4,865.68
,27.5,80.5,4.73,5.52,0.15,46.5,25.38,14.63,1143.15
,27.5,81.5,4.71,5.52,0.14,46.46,25.34,15.33,1157.72
,27.5,82.5,4.84,5.71,0.14,48.44,25.2,15.64,1183.74
,27.5,83.5,4.8,5.9,0.14,55.75,24.31,16.41,1693.44
,28.5,76.5,4.75,5.51,0.14,47.92,25.81,11.8,721.81
,28.5,77.5,4.73,5.5,0.14,46.93,25.44,12.9,791.64
,28.5,78.5,4.62,5.39,0.15,49.59,25.3,13.61,810.86
,28.5,79.5,4.6,5.4,0.14,48.61,25.21,14.18,902.82
,28.5,80.5,4.59,5.49,0.12,49.11,24.99,15.38,1293.23
,28.5,81.5,4.55,5.57,0.12,54.3,24.34,15.22,1389.62
,28.5,82.5,4.62,5.97,0.14,54.65,15.02,8.39,1436
,28.5,83.5,4.44,6.33,0.16,65.52,8.05,2.64,2284.96
NORTH ZONE,29.5,73.5,5.02,5.55,0.17,43.17,27,9.94,536.64
,29.5,74.5,4.87,5.47,0.17,44.21,26.54,10.35,609.22
,29.5,75.5,4.78,5.46,0.15,46.52,25.58,11.49,727.83
,29.5,76.5,4.77,5.57,0.15,48.65,24.93,12.57,1000.12
,29.5,77.5,4.72,5.57,0.14,49.41,24.52,13.66,1064.47
,29.5,78.5,4.96,5.88,0.13,47.77,23.88,13.01,1072.12
,29.5,79.5,4.9,5.99,0.12,48.31,20.36,10.76,1156.91
,29.5,80.5,5.03,6.31,0.15,50.94,16.11,7.72,995.86
,29.5,81.5,4.75,6.51,0.16,60.04,11.39,4.5,868.42
,30.5,73.5,4.82,5.38,0.14,45.83,26.38,10.57,651.95
,30.5,74.5,4.98,5.65,0.15,44.7,25.95,11.13,728.77
,30.5,75.5,4.92,5.65,0.15,48.22,24.96,12.38,899.07
,30.5,76.5,5.12,6.05,0.16,48.52,24.58,13.22,1156.4
,30.5,77.5,5.02,6.16,0.13,52.43,21.55,11.83,1589.49
,30.5,78.5,5.07,6.56,0.15,52.95,13.83,5.17,1414.65
,30.5,79.5,4.77,6.85,0.21,59.8,7.04,-0.7,1014.34
,30.5,80.5,5.26,7.1,0.25,51.33,-3.8,-8.34,469.32
,30.5,81.5,5.37,7.17,0.25,48.57,-3.74,-9.07,427.84
,31.5,73.5,4.7,5.32,0.13,46.4,25.58,11.82,736.5
,31.5,74.5,4.81,5.58,0.14,48.21,25.25,12.44,830.91
,31.5,75.5,4.75,5.59,0.14,51.37,24.5,13.45,1249.36
,31.5,76.5,5.01,6.08,0.13,45.66,23.77,13.11,1488.57
,31.5,77.5,4.76,6.42,0.16,55.76,10.35,3.11,1145.64
,31.5,78.5,5.26,6.92,0.26,49.2,-3.9,-8.72,718.68
,31.5,79.5,5.67,7,0.23,44.34,-2.28,-9.75,364.08
,31.5,80.5,5.7,7.1,0.23,43.61,-4.37,-12.05,246.21
,31.5,81.5,5.59,7.12,0.22,42,-5.65,-12.99,252.22
,32.5,73.5,4.95,5.71,0.14,47.08,24.36,13.61,1277.25
,32.5,74.5,5.01,5.94,0.15,50.22,24.45,13.56,1376.02
,32.5,75.5,4.84,6.05,0.15,55.54,20.18,10.16,1710.06
,32.5,76.5,4.68,6.6,0.2,59.74,11.65,4.11,1823.42
,32.5,77.5,5.44,6.99,0.36,48.85,-6.89,-10.12,950.11
,32.5,78.5,5.57,7.07,0.26,44.81,-5.41,-11.27,414.26
,32.5,79.5,5.59,7.04,0.23,44.25,-4,-12.18,209.7
,32.5,80.5,5.8,7.09,0.21,41.7,-2.78,-13.27,148.55
,32.5,81.5,5.81,7.07,0.21,39.56,-2.44,-13.46,160.92
,33.5,73.5,4.79,5.74,0.12,49.51,20.44,10.61,1557.73
,33.5,74.5,4.61,6.12,0.15,54.2,14.79,6.85,1368.68
,33.5,75.5,4.6,6.31,0.2,58.27,6.98,0.23,1036.97
,33.5,76.5,5.18,6.83,0.36,50.06,-2.69,-6.71,890.33
,33.5,77.5,5.31,6.83,0.25,48.97,-5.62,-10.87,575.25
,33.5,78.5,5.25,6.98,0.23,52.75,-5.26,-12.7,313.26
,33.5,79.5,5.49,6.98,0.22,52.75,-3.82,-13.36,195.58
,33.5,80.5,5.68,7,0.22,46.87,-1.61,-14.07,134.32
,33.5,81.5,5.66,7.02,0.23,45.95,-2.79,-14.65,133.75
,34.5,73.5,4.69,6.3,0.18,58.73,10.96,3.49,1328.77
,34.5,74.5,4.72,6.42,0.24,58.99,8.92,1.66,1111.35
,34.5,75.5,4.65,6.64,0.27,54.95,-1.61,-6.29,691.68
,34.5,76.5,4.87,6.73,0.25,53.5,-1.29,-7.98,475.77
,34.5,77.5,5.05,6.81,0.32,57.66,-3.22,-10.91,390.04
,34.5,78.5,5.25,6.94,0.31,49.04,-9.58,-15.67,235.16
,34.5,79.5,5.38,6.95,0.24,47.07,-8.32,-16.27,159.18
,34.5,80.5,5.17,6.93,0.23,51.6,-6.59,-16.44,120.11
,34.5,81.5,5.13,6.91,0.22,55.32,-6.21,-16.49,112.59
,35.5,73.5,4.7,6.42,0.26,55.95,6.08,-2.65,560.44
,35.5,74.5,4.59,6.49,0.25,56.37,5.95,-3.54,512.96
,35.5,75.5,4.15,6.57,0.27,63.22,-0.17,-7.92,461.95
,35.5,76.5,4.97,6.78,0.39,56.99,-5.4,-11.06,376.1
,35.5,77.5,5.17,6.88,0.38,48.54,-12.86,-16.41,193.9
,35.5,78.5,5.06,6.87,0.23,52.61,-8.31,-16.94,89.52
,35.5,79.5,5.14,6.83,0.23,53.4,-7.08,-16.71,83.7
,35.5,80.5,4.93,6.84,0.27,54.97,-9.67,-17.36,83.12
,35.5,81.5,4.95,6.83,0.27,56.05,-9.37,-17.26,80.56
,36.5,73.5,4.58,6.59,0.29,54.35,0.02,-9.97,199.44
,36.5,74.5,4.89,6.63,0.38,55.27,-2.08,-10.04,199.62
,36.5,75.5,5.06,6.7,0.38,52.88,-7.68,-13.32,169.13
,36.5,76.5,4.76,6.53,0.26,55.72,-5.61,-13.71,115.76
,36.5,77.5,4.67,6.5,0.23,58.56,-6.99,-15.02,65.29
,36.5,78.5,4.47,6.22,0.22,59.79,-1.48,-12.62,66.33
,36.5,79.5,4.5,6.08,0.22,59.33,4.23,-10.07,69.32
,36.5,80.5,4.62,5.88,0.26,65.88,8.74,-7.8,65.8
,36.5,81.5,4.81,5.85,0.25,66.11,11.95,-7.04,64.85
WEST ZONE,20.5,68.5,5.54,6.24,0.07,37.3,26.97,22.22,657.23
,20.5,69.5,5.55,6.23,0.07,37.75,26.97,22.18,855.73
,20.5,70.5,5.45,6.15,0.07,43.47,26.94,21.41,953.64
,20.5,71.5,5.29,6.04,0.07,35.19,26.88,21.49,915.02
,20.5,72.5,5.13,6.03,0.1,46.06,26.71,22.17,1720.91
,20.5,73.5,5.04,6.16,0.13,44.77,24.54,14.97,2013.25
,20.5,74.5,5.1,6.11,0.12,44.41,24.91,14,1072.57
,21.5,68.5,5.62,6.22,0.07,34.89,26.77,22.01,784.88
,21.5,69.5,5.59,6.25,0.1,33.21,26.66,21.01,988.06
,21.5,70.5,5.41,6.14,0.14,33.04,26.47,15.57,981.33
,21.5,71.5,5.36,6.13,0.13,36.43,26.83,14.85,845.75
,21.5,72.5,5.3,6.06,0.14,36.97,27.12,20,1216.74
,21.5,73.5,5.16,6.1,0.11,39.74,26.32,15.83,1425.79
,21.5,74.5,5.1,6.05,0.12,41.11,25.98,14.68,1090.75
,22.5,68.5,5.57,6.15,0.09,33.64,26.4,21.66,1019.93
,22.5,69.5,5.5,6.16,0.14,32.32,26.41,20.71,953.44
,22.5,70.5,5.39,6.08,0.12,30,26.61,15.83,835.15
,22.5,71.5,5.42,6.1,0.15,36.33,26.81,14.34,763.3
,22.5,72.5,5.36,6.06,0.15,37.93,27.41,15.55,855.07
,22.5,73.5,5.26,6.11,0.13,40.83,26.82,14.56,1057.47
,22.5,74.5,5.13,6.03,0.13,40.59,25.91,14.1,1089.51
,23.5,68.5,5.55,6.16,0.14,29.14,26.31,17.9,1365.7
,23.5,69.5,5.46,6.11,0.15,31.36,26.44,16.27,1056.89
,23.5,70.5,5.45,6.12,0.17,33.18,27.25,14.73,705.17
,23.5,71.5,5.52,6.14,0.19,35.1,27.44,14.31,719.08
,23.5,72.5,5.46,6.19,0.16,43.98,27.19,13.37,810.67
,23.5,73.5,5.37,6.13,0.16,41.19,26.55,13.17,873.01
,23.5,74.5,5.22,6.06,0.14,41.26,26.15,13.34,979.7
,24.5,68.5,5.45,6.04,0.13,29.9,27.35,15.55,863.74
,24.5,69.5,5.52,6.07,0.18,31.17,27.38,15.11,871.6
,24.5,70.5,5.49,6.11,0.2,31.28,27.49,13.78,784.46
,24.5,71.5,5.55,6.14,0.19,32.99,27.53,13.52,760.24
,24.5,72.5,5.43,6.13,0.17,41.8,26.13,12.39,930.92
,24.5,73.5,5.39,6.15,0.16,35.47,24.8,10.92,840.36
,24.5,74.5,5.29,6.05,0.15,45.89,25.48,11.88,870.69
,25.5,68.5,5.48,5.96,0.16,27.67,27.36,14.46,799.33
,25.5,69.5,5.48,5.98,0.17,30.03,27.58,14.06,812.85
,25.5,70.5,5.58,6.11,0.21,29.7,27.29,12.63,681.16
,25.5,71.5,5.56,6.1,0.21,31,27.4,12.09,604.13
,25.5,72.5,5.59,6.17,0.21,34.75,27.02,12.03,685.8
,25.5,73.5,5.48,6.19,0.18,60.85,25.52,10.68,715.55
,25.5,74.5,5.36,6.11,0.16,48.19,25.25,10.97,821.23
,26.5,68.5,5.46,5.94,0.17,32.98,27.51,13.08,1049.07
,26.5,69.5,5.58,6.03,0.21,26.32,27.59,12.95,866.57
,26.5,70.5,5.59,6.07,0.22,28.24,27.18,11.67,558.15
,26.5,71.5,5.59,6.07,0.23,31.61,26.99,10.96,497.04
,26.5,72.5,5.62,6.13,0.22,34.83,27.14,10.77,505.9
,26.5,73.5,5.51,6.13,0.2,51.7,26.3,10.84,598.63
,26.5,74.5,5.36,6.05,0.17,51.59,25.66,10.99,719.44
,27.5,68.5,5.4,5.88,0.15,35.45,27.49,11.5,1545.65
,27.5,69.5,5.4,5.89,0.2,39.03,27.57,11.61,961.41
,27.5,70.5,5.57,5.99,0.22,28.44,27.58,11.04,593.93
,27.5,71.5,5.55,5.98,0.23,30.3,27.76,10.56,478.77
,27.5,72.5,5.55,6.02,0.22,33.2,27.59,10.07,400.84
,27.5,73.5,5.51,6.03,0.21,37.66,26.81,10.2,479.53
,27.5,74.5,5.32,5.92,0.19,43.22,26.39,10.4,569.34
,28.5,68.5,5.44,5.88,0.2,31.52,27.61,10.31,1949.49
,28.5,69.5,5.45,5.86,0.21,31.21,27.27,10.66,1376.86
,28.5,70.5,5.47,5.91,0.19,37.63,27.52,10.69,677.49
,28.5,71.5,5.51,5.91,0.21,30.17,27.79,10.3,539.8
,28.5,72.5,5.51,5.95,0.22,32.31,27.88,9.98,439.87
,28.5,73.5,5.46,5.96,0.22,34.58,27.27,9.89,453.8
,28.5,74.5,5.28,5.86,0.19,39.72,26.88,10.15,498.76
EAST ZONE,20.5,85.5,4.73,5.91,0.13,53.42,26.04,20.23,1381.65
,20.5,86.5,4.78,5.9,0.12,51.64,26.19,21,1538.68
,20.5,87.5,4.96,5.96,0.07,52.06,27.15,22.86,1749.63
,20.5,88.5,4.97,5.97,0.07,52.64,27.28,22.85,2023.48
,20.5,89.5,5.03,6.08,0.06,53.74,27.28,22.86,2323.01
,20.5,90.5,4.95,6.09,0.06,55.43,27.18,22.95,3744.75
,20.5,91.5,4.98,6.15,0.07,56.19,27.13,23.02,4627.87
,20.5,92.5,5.1,6.23,0.12,57.25,26.5,22.39,5008.56
,20.5,93.5,5.07,6.37,0.13,56.56,23.85,17.21,1540.21
,20.5,94.5,5.26,6.33,0.16,54.07,26.38,16.77,864.99
,21.5,85.5,4.65,5.79,0.14,53.38,24.81,17.77,1428.18
,21.5,86.5,4.64,5.76,0.14,53.28,24.74,18.41,1498.5
,21.5,87.5,4.78,5.7,0.1,49.55,26.41,22.02,1781.47
,21.5,88.5,4.67,5.67,0.09,47.89,26.69,22.25,1971.49
,21.5,89.5,4.69,5.8,0.08,50.42,26.85,22.31,2350.19
,21.5,90.5,4.64,5.79,0.08,55.83,26.83,22.58,4391.94
,21.5,91.5,4.95,6.08,0.1,55.86,26.83,22.71,4680.63
,21.5,92.5,4.98,6.17,0.12,56.01,23.94,19.88,2619.8
,21.5,93.5,4.89,6.41,0.13,58.03,21.52,13.38,1131.34
,21.5,94.5,5.14,6.25,0.16,57.09,26.49,14.48,555.29
,22.5,85.5,4.65,5.75,0.13,54.28,24.71,16.65,1505.75
,22.5,86.5,4.72,5.72,0.14,51.62,24.89,17.86,1459.56
,22.5,87.5,4.63,5.66,0.11,51.85,25.14,20.41,1341.07
,22.5,88.5,4.52,5.65,0.1,54.86,25.71,20.5,1518.46
,22.5,89.5,4.55,5.79,0.09,56.56,25.7,20.59,1851.98
,22.5,90.5,4.59,5.79,0.1,57.16,25.46,21.59,2810.76
,22.5,91.5,5.08,6.14,0.14,54.92,26.05,22,2889.19
,22.5,92.5,5,6.2,0.12,56.71,24.34,19.1,2488.57
,22.5,93.5,4.85,6.4,0.13,57.32,22.61,13.17,714.38
,22.5,94.5,4.99,6.19,0.15,57.88,26.64,14.62,362.03
,23.5,85.5,4.62,5.67,0.14,51.55,23.97,15.92,1270.82
,23.5,86.5,4.69,5.61,0.14,51.01,24.45,17.57,1275.62
,23.5,87.5,4.57,5.48,0.14,51.98,25.09,19.47,1174.97
,23.5,88.5,4.5,5.47,0.13,54.92,25.66,19.8,1254.19
,23.5,89.5,4.54,5.6,0.13,56.43,25.45,20.32,1656.31
,23.5,90.5,4.48,5.61,0.1,58.34,25.33,20.92,2140.18
,23.5,91.5,4.78,5.93,0.13,58.64,24.77,20.82,2233.04
,23.5,92.5,4.78,6.02,0.13,59.05,22.62,18.58,2153.88
,23.5,93.5,4.66,6.18,0.14,58.74,21.85,13.73,773.32
,23.5,94.5,4.61,6.02,0.13,59.27,25.99,15.58,578.36
,24.5,85.5,4.76,5.59,0.15,48.47,24.51,16.12,834.92
,24.5,86.5,4.73,5.59,0.16,49.34,24.54,16.6,939.74
,24.5,87.5,4.53,5.45,0.14,52.63,25.32,17.84,1012.62
,24.5,88.5,4.44,5.43,0.14,54.32,25.51,19.56,1320.06
,24.5,89.5,4.42,5.55,0.13,57.02,25.38,20.3,1779
,24.5,90.5,4.26,5.53,0.12,60.13,25.11,20.5,2909.53
,24.5,91.5,4.47,5.8,0.12,60.95,25.08,20.54,3756.19
,24.5,92.5,4.49,5.83,0.13,60.63,24.69,19.84,3293.13
,24.5,93.5,4.55,6.05,0.14,61.51,20.94,15.51,1465.63
,24.5,94.5,4.48,6,0.13,59.9,23.33,16.14,1224.73
,25.5,85.5,4.64,5.44,0.15,49.82,26.11,16.45,803.68
,25.5,86.5,4.6,5.43,0.15,50.87,25.86,17.08,957.12
,25.5,87.5,4.49,5.41,0.15,54.49,25.29,18.44,1257.02
,25.5,88.5,4.34,5.4,0.14,55.8,24.77,19.8,1865.1
,25.5,89.5,4.32,5.49,0.14,56.84,24.96,20.29,2193.8
,25.5,90.5,4.17,5.53,0.13,59.16,23.11,18.63,3094.47
,25.5,91.5,4.13,5.78,0.13,60.75,18.95,15.93,4353.63
,25.5,92.5,4.15,5.76,0.13,62.48,19.94,16.42,3138.45
,25.5,93.5,4.34,5.91,0.14,62.64,20.35,15.09,1377.25
,25.5,94.5,4.25,6.02,0.13,62.88,18.15,13.17,1468.16
,26.5,85.5,4.56,5.4,0.16,50.55,25.34,17.36,1135.04
,26.5,86.5,4.51,5.4,0.15,50.75,25.03,17.46,1223.35
,26.5,87.5,4.29,5.4,0.15,59.01,24.03,17.61,1631.09
,26.5,88.5,4.06,5.37,0.14,60.21,24.29,19.4,2975.11
,26.5,89.5,4.03,5.48,0.13,63.08,23.75,19.38,2866.71
,26.5,90.5,4.03,5.46,0.14,63.98,23.93,20.27,2288.3
,26.5,91.5,4.18,5.58,0.13,64.51,24.2,20.18,2105.72
,26.5,92.5,4.16,5.57,0.14,63.47,24.27,19.12,1746.96
,26.5,93.5,4.24,5.75,0.14,63.65,23.51,18.66,1747.14
,26.5,94.5,4.29,5.83,0.14,64.81,22.5,17.7,1915.78
,27.5,85.5,4.68,6.03,0.14,57.44,18.75,12.5,1242.18
,27.5,86.5,4.34,6.29,0.14,67.03,13.65,7.83,1005.16
,27.5,87.5,4.1,6.29,0.16,74.15,10.71,6.68,1179.64
,27.5,88.5,4,6.39,0.19,68.15,7.56,4,1932.53
,27.5,89.5,4.25,6.42,0.16,60.96,6.42,3.44,1664.97
,27.5,90.5,4.04,6.34,0.15,74.32,8.12,5,1485.87
,27.5,91.5,4.05,6.25,0.17,75.55,11.56,8.37,1271.07
,27.5,92.5,3.67,6.23,0.15,78.71,9.54,6.37,1484.5
,27.5,93.5,3.55,5.89,0.12,73.25,17.56,14.26,2974.36
,27.5,94.5,3.81,5.7,0.13,69.81,21.7,17.45,3212.94
SOUTH ZONE,10.5,73.5,5.08,6.43,0.07,63.43,27.98,23.85,2209.83
,10.5,74.5,5.04,6.35,0.06,65.17,27.91,23.88,2392.63
,10.5,75.5,5.15,6.36,0.07,67.39,27.66,23.77,2491.33
,10.5,76.5,4.94,6.39,0.13,66.82,26.71,22.67,2611.9
,10.5,77.5,5.1,6.45,0.15,67.85,24.58,19.58,1293.04
,10.5,78.5,5.31,6.44,0.15,66.76,27.34,21.73,1142.53
,10.5,79.5,5.17,6.38,0.11,64.06,27.84,22.86,1318.41
,10.5,80.5,5.4,6.52,0.06,65.75,28.17,24.32,1466.72
,10.5,81.5,5.37,6.52,0.06,66.94,28.16,24.38,1489.05
,10.5,82.5,5.33,6.56,0.06,68.13,28.13,24.42,1480.36
,11.5,73.5,5.05,6.34,0.07,61.66,27.98,23.88,2456.31
,11.5,74.5,5.08,6.34,0.06,64.39,27.9,23.9,2788.6
,11.5,75.5,5.13,6.42,0.1,61.68,26.42,22.46,2636.26
,11.5,76.5,4.86,6.53,0.14,68.8,23.25,19.33,2006.14
,11.5,77.5,5.13,6.46,0.14,67.68,25.8,19.42,1041.49
,11.5,78.5,5.13,6.41,0.14,66.16,26.2,20.62,1074.73
,11.5,79.5,5.15,6.34,0.12,66.2,27.65,22.19,1147.66
,11.5,80.5,5.33,6.43,0.06,64.07,28.16,24.28,1202.73
,11.5,81.5,5.31,6.42,0.06,64.25,28.14,24.33,1229.51
,11.5,82.5,5.24,6.47,0.06,65.63,28.1,24.35,1272.36
,12.5,73.5,5.07,6.32,0.07,60.72,27.97,23.85,3145.27
,12.5,74.5,5.12,6.33,0.06,61.64,27.88,23.75,3800.18
,12.5,75.5,4.86,6.49,0.13,66.14,23.52,19.67,2860.47
,12.5,76.5,5.1,6.51,0.15,63.56,22.85,17.93,1819.25
,12.5,77.5,5.13,6.5,0.15,63.54,23.81,18.02,1423.83
,12.5,78.5,5.15,6.44,0.14,64.38,25.35,19.9,1319.6
,12.5,79.5,5.15,6.35,0.14,61.98,26.74,21.4,1239.07
,12.5,80.5,5.18,6.36,0.04,56.38,28.13,24.08,1353.21
,12.5,81.5,5.33,6.4,0.06,61.45,28.13,24.26,1334.34
,12.5,82.5,5.34,6.45,0.06,62.37,28.06,24.3,1356.06
,13.5,73.5,5.1,6.28,0.07,59.12,27.96,23.79,3597.03
,13.5,74.5,5.08,6.35,0.09,61.33,27.74,23.34,4440.54
,13.5,75.5,4.88,6.51,0.14,63.57,22.18,18.44,2075.07
,13.5,76.5,5.15,6.49,0.15,59.33,23.09,17.49,1428.11
,13.5,77.5,5.24,6.51,0.16,59.38,23.45,17.03,1337.39
,13.5,78.5,5.19,6.46,0.16,60.03,24.32,18.39,1165.33
,13.5,79.5,5.07,6.35,0.14,59.63,26.07,20.31,1170.38
,13.5,80.5,5.07,6.27,0.04,55.23,28.19,23.83,1374.7
,13.5,81.5,5.3,6.33,0.06,57.58,28.12,24.17,1347.95
,13.5,82.5,5.3,6.38,0.06,58.6,28.05,24.24,1339.12
,14.5,73.5,5.14,6.26,0.07,57.42,27.73,23.57,3163.28
,14.5,74.5,5.05,6.39,0.12,51.72,26.1,22.33,3391.12
,14.5,75.5,5.16,6.46,0.15,57.22,24.66,18.08,1190.96
,14.5,76.5,5.19,6.44,0.16,56.35,24.82,17.42,945.16
,14.5,77.5,5.29,6.41,0.16,56.34,26.13,18.01,891.18
,14.5,78.5,5.2,6.34,0.15,56.6,27.1,19.55,877.65
,14.5,79.5,5.07,6.3,0.14,56.69,27.06,20.7,1055.64
,14.5,80.5,5.04,6.23,0.03,53.55,28.19,23.87,1308.57
,14.5,81.5,5.22,6.29,0.06,55.99,28.08,24.13,1298.56
,14.5,82.5,5.23,6.34,0.07,56.82,27.98,24.18,1420.66
,15.5,73.5,5.07,6.17,0.08,58.88,27.28,22.33,2369.13
,15.5,74.5,4.85,6.27,0.12,57.14,24.82,19.09,1942.81
,15.5,75.5,5.04,6.28,0.14,55.31,25.15,17.12,968.84
,15.5,76.5,5.16,6.31,0.15,55.04,25.73,17.2,870.76
,15.5,77.5,5.18,6.29,0.16,54.35,26.71,17.79,790.25
,15.5,78.5,4.98,6.2,0.14,55.39,26.89,19.02,783.07
,15.5,79.5,4.96,6.17,0.15,57.17,27.17,20.21,896.3
,15.5,80.5,4.98,6.12,0.09,50.31,28.19,23.63,1151.58
,15.5,81.5,4.97,6.08,0.05,54.71,28.08,24.09,1223.66
,15.5,82.5,5.11,6.24,0.07,55.98,27.94,24.15,1286.24
,16.5,73.5,4.98,6.21,0.1,49.29,25.68,19.69,2586.54
,16.5,74.5,4.96,6.24,0.13,55.46,24.29,17.37,1585.08
,16.5,75.5,5.04,6.24,0.13,54.29,25.81,16.25,732.62
,16.5,76.5,5.13,6.27,0.14,54.65,26.32,16.39,742.9
,16.5,77.5,5.18,6.26,0.16,54.8,26.97,17.21,805.67
,16.5,78.5,5.06,6.2,0.16,54.88,26.32,18.09,818.16
,16.5,79.5,5,6.14,0.15,55.97,27.35,19.5,865.38
,16.5,80.5,4.85,6.11,0.12,56.97,27.52,21.4,1085.32
,16.5,81.5,4.86,6.09,0.12,54.18,27.58,22.27,1244.81
,16.5,82.5,4.88,6.15,0.05,51.17,27.85,23.86,1313.59
,17.5,73.5,4.9,6.17,0.11,46.19,24.47,17.55,2328.69
,17.5,74.5,4.97,6.21,0.13,52.4,24.06,15.95,1244.74
,17.5,75.5,5.03,6.18,0.13,54.16,26.3,15.81,798.52
,17.5,76.5,5.03,6.21,0.12,55.58,26.34,15.87,875.24
,17.5,77.5,5.01,6.22,0.13,55.88,25.77,16.12,962.06
,17.5,78.5,5.05,6.19,0.14,54.98,25.6,17.15,965.99
,17.5,79.5,5.02,6.13,0.14,55.76,26.72,18.4,1038.91
,17.5,80.5,4.96,6.17,0.14,55.58,27.08,19.83,1197.93
,17.5,81.5,4.84,6.18,0.12,55.37,26.81,20.24,1347.64
,17.5,82.5,4.75,6.12,0.1,60.03,25.81,20.72,1445.43
,18.5,73.5,4.88,6.16,0.12,48.47,23.49,16.57,2223.42
,18.5,74.5,5.04,6.17,0.13,50.18,24.79,15.22,1047.06
,18.5,75.5,4.99,6.16,0.12,52.37,25.42,14.61,885.22
,18.5,76.5,5.05,6.19,0.11,54.02,25.33,14.68,989.57
,18.5,77.5,5.09,6.16,0.12,53.03,26.38,15.66,1213.29
,18.5,78.5,5.07,6.12,0.13,52.63,26.42,16.49,1289.29
,18.5,79.5,5.02,6.09,0.13,52.71,26.97,17.54,1436.21
,18.5,80.5,4.95,6.15,0.12,53.38,26.89,18.31,1661.78
,18.5,81.5,4.89,6.18,0.13,54.75,25.78,18.35,1697.53
,18.5,82.5,4.76,6.2,0.12,56.01,22.98,16.54,1698.75
,19.5,73.5,4.96,6.19,0.12,46.7,24.09,15.68,2461.82
,19.5,74.5,5.09,6.16,0.12,47.45,24.44,14.5,1170.5
,19.5,75.5,5.09,6.14,0.12,49.18,25.73,14.41,929.42
,19.5,76.5,5.05,6.12,0.12,51.66,26.01,14.58,1048.09
,19.5,77.5,5.01,6.11,0.12,52.99,26.06,15.25,1377.45
,19.5,78.5,4.95,6.09,0.12,53.64,26.37,16.27,1533.4
,19.5,79.5,4.95,6.06,0.13,53.42,26.8,16.78,1758.3
,19.5,80.5,4.94,6.13,0.12,52.71,25.77,16.82,1872.75
,19.5,81.5,4.89,6.19,0.13,54.22,24.58,16.29,1755.27
,19.5,82.5,4.89,6.15,0.14,54.44,24.42,16.74,1678.06